ID/Hash,Fecha Detección,Título,Empresa,Score %,Modalidad,Enlace Directo,Salario,Resumen de Afinidad,Estado,Notas Usuario
84d3343d319ef2ee,2026-09-24 15:23,Analista de soporte de aplicaciones,Confidencial,93.0%,Remoto,https://www.elempleo.com/co/ofertas-trabajo/analista-de-soporte-de-aplicaciones-1886744833,,"[Afinidad: 93/100 - Alta Afinidad] Alta coincidencia técnica en Soporte Técnico de Sistemas, Hardware y Redes. Modalidad: 100% Remoto en Colombia confirmado.",Nueva,
fb4057b60ee24f96,2026-09-24 15:23,Soporte de Aplicaciones,Marsh,93.0%,Remoto,https://co.linkedin.com/jobs/view/soporte-de-aplicaciones-at-marsh-4462495318,,"[Afinidad: 93/100 - Alta Afinidad] Alta coincidencia técnica en Soporte Técnico de Sistemas, Hardware y Redes. Modalidad: 100% Remoto en Colombia confirmado.",Nueva,
36d9af4a629bea69,2026-09-24 15:23,Soporte de Aplicaciones,Marsh,93.0%,Remoto,https://co.linkedin.com/jobs/view/soporte-de-aplicaciones-at-marsh-4462705041,,"[Afinidad: 93/100 - Alta Afinidad] Alta coincidencia técnica en Soporte Técnico de Sistemas, Hardware y Redes. Modalidad: 100% Remoto en Colombia confirmado.",Nueva,
c56208dd47729452,2026-09-24 15:23,Soporte de Aplicaciones,Marsh Risk,93.0%,Remoto,https://co.linkedin.com/jobs/view/soporte-de-aplicaciones-at-marsh-risk-4462800719,,"[Afinidad: 93/100 - Alta Afinidad] Alta coincidencia técnica en Soporte Técnico de Sistemas, Hardware y Redes. Modalidad: 100% Remoto en Colombia confirmado.",Nueva,
d0e25c686dd08685,2026-09-24 15:23,Soporte de Aplicaciones,Marsh Risk,93.0%,Remoto,https://co.linkedin.com/jobs/view/soporte-de-aplicaciones-at-marsh-risk-4462796772,,"[Afinidad: 93/100 - Alta Afinidad] Alta coincidencia técnica en Soporte Técnico de Sistemas, Hardware y Redes. Modalidad: 100% Remoto en Colombia confirmado.",Nueva,
05c483685b3940dc,2026-09-24 15:23,Consultor de Soporte PL/SQL,GFT Technologies,93.0%,Remoto,https://co.linkedin.com/jobs/view/consultor-de-soporte-pl-sql-at-gft-technologies-4463498852,,"[Afinidad: 93/100 - Alta Afinidad] Alta coincidencia técnica en Soporte Técnico de Sistemas, Hardware y Redes. Modalidad: 100% Remoto en Colombia confirmado.",Nueva,
c582f78c40a8cbef,2026-09-24 15:23,Analista de soporte técnico Software AML,QUALITA CORP,73.0%,Remoto,https://co.computrabajo.com/ofertas-de-trabajo/oferta-de-trabajo-de-analista-de-soporte-tecnico-software-aml-technical-support-analyst-en-cali-E6235476DD4F0EA861373E686DCF3405,"$ 2.600.000,00 (Mensual)","[Afinidad: 73/100 - Alta Afinidad] Alta coincidencia técnica en Soporte Técnico de Sistemas, Hardware y Redes. Modalidad: 100% Remoto en Colombia confirmado.",Nueva,
c15b23736599b6ea,2026-09-24 15:23,Representante de Soporte Técnico,Importante empresa del sector,73.0%,Remoto,https://co.computrabajo.com/ofertas-de-trabajo/oferta-de-trabajo-de-representante-de-soporte-tecnico-bilingue-c1-en-bogota-dc-F55CBFF60004B2D661373E686DCF3405,"$ 2.500.000,00 (Mensual)","[Afinidad: 73/100 - Alta Afinidad] Alta coincidencia técnica en Soporte Técnico de Sistemas, Hardware y Redes. Modalidad: 100% Remoto en Colombia confirmado.",Nueva,
a24e415f10a83868,2026-09-24 15:23,Asesores de Soporte Técnico desde Casa/ Salario fijo + variable,emtelco,73.0%,Remoto,https://co.computrabajo.com/ofertas-de-trabajo/oferta-de-trabajo-de-asesores-de-soporte-tecnico-desde-casa-salario-fijo-variable-en-medellin-746BA0FF31FDCC9B61373E686DCF3405,"$ 2.000.000,00 (Mensual)","[Afinidad: 73/100 - Alta Afinidad] Alta coincidencia técnica en Soporte Técnico de Sistemas, Hardware y Redes. Modalidad: 100% Remoto en Colombia confirmado.",Nueva,
08e5d9a6ae76478b,2026-09-24 15:23,Analista de soporte tecnico,HITSS,73.0%,Remoto,https://www.elempleo.com/co/ofertas-trabajo/analista-de-soporte-tecnico-1886747091,,"[Afinidad: 73/100 - Alta Afinidad] Alta coincidencia técnica en Soporte Técnico de Sistemas, Hardware y Redes. Modalidad: 100% Remoto en Colombia confirmado.",Nueva,
7fc45dde38ffcf1a,2026-09-24 15:23,Analista mesa de ayuda help desk bogotá,Pro TALENTI,73.0%,Remoto,https://www.elempleo.com/co/ofertas-trabajo/analista-mesa-de-ayuda-help-desk-bogota-1886758291,,"[Afinidad: 73/100 - Alta Afinidad] Alta coincidencia técnica en Soporte Técnico de Sistemas, Hardware y Redes. Modalidad: 100% Remoto en Colombia confirmado.",Nueva,
a6b77694deed4eda,2026-09-24 15:23,Help Desk Technician Level 1,SOLVO S.A.S,73.0%,Remoto,https://co.computrabajo.com/ofertas-de-trabajo/oferta-de-trabajo-de-help-desk-technician-level-1-it-support-analyst-en-medellin-426546345875532361373E686DCF3405,Remoto,"[Afinidad: 73/100 - Alta Afinidad] Alta coincidencia técnica en Soporte Técnico de Sistemas, Hardware y Redes. Modalidad: 100% Remoto en Colombia confirmado.",Nueva,
17bcb3c669035312,2026-09-24 15:23,Analista de soporte y mesa de ayuda ii,TP COLOMBIA,73.0%,Remoto,https://www.elempleo.com/co/ofertas-trabajo/analista-de-soporte-y-mesa-de-ayuda-ii-1886760204,,"[Afinidad: 73/100 - Alta Afinidad] Alta coincidencia técnica en Soporte Técnico de Sistemas, Hardware y Redes. Modalidad: 100% Remoto en Colombia confirmado.",Nueva,
f49243c0d93e8dc6,2026-09-24 15:23,Help desk analyst l1 bilingüe,Confidencial,73.0%,Remoto,https://www.elempleo.com/co/ofertas-trabajo/help-desk-analyst-l1-bilingue-ingles-conversational-entre-b2c1-1886760008,,"[Afinidad: 73/100 - Alta Afinidad] Alta coincidencia técnica en Soporte Técnico de Sistemas, Hardware y Redes. Modalidad: 100% Remoto en Colombia confirmado.",Nueva,
def61dbcc70790b0,2026-09-24 15:23,Help desk analyst n1 bilingüe 24/7 (inglés conversacional) bogotá,Confidencial,73.0%,Remoto,https://www.elempleo.com/co/ofertas-trabajo/help-desk-analyst-n1-bilingue-24-7-ingles-conversacional-bogota-1886760175,,"[Afinidad: 73/100 - Alta Afinidad] Alta coincidencia técnica en Soporte Técnico de Sistemas, Hardware y Redes. Modalidad: 100% Remoto en Colombia confirmado.",Nueva,
fa8514832b21e057,2026-09-24 15:23,Help desk,SISA,73.0%,Remoto,https://www.elempleo.com/co/ofertas-trabajo/help-desk-1886691178,,"[Afinidad: 73/100 - Alta Afinidad] Alta coincidencia técnica en Soporte Técnico de Sistemas, Hardware y Redes. Modalidad: 100% Remoto en Colombia confirmado.",Nueva,
7201f5ec58086561,2026-09-24 15:23,Help desk analyst n1 bilingüe (inglés conversacional) bogotá,Confidencial,73.0%,Remoto,https://www.elempleo.com/co/ofertas-trabajo/help-desk-analyst-n1-bilingue-ingles-conversacional-bogota-1886752135,,"[Afinidad: 73/100 - Alta Afinidad] Alta coincidencia técnica en Soporte Técnico de Sistemas, Hardware y Redes. Modalidad: 100% Remoto en Colombia confirmado.",Nueva,
bf8e766566882d80,2026-09-24 15:23,Técnico de soporte help desk,Confidencial,73.0%,Remoto,https://www.elempleo.com/co/ofertas-trabajo/tecnico-de-soporte-help-desk-1886771881,,"[Afinidad: 73/100 - Alta Afinidad] Alta coincidencia técnica en Soporte Técnico de Sistemas, Hardware y Redes. Modalidad: 100% Remoto en Colombia confirmado.",Nueva,
055987ec23570846,2026-09-24 15:23,Help desk analyst n1 bilingüe (inglés conversacional) 7x24 rotativo bogotá,Confidencial,73.0%,Remoto,https://www.elempleo.com/co/ofertas-trabajo/help-desk-analyst-n1-bilingue-ingles-conversacional-7x24-rotativo-bogota-1886751464,,"[Afinidad: 73/100 - Alta Afinidad] Alta coincidencia técnica en Soporte Técnico de Sistemas, Hardware y Redes. Modalidad: 100% Remoto en Colombia confirmado.",Nueva,
076d17389f43db00,2026-09-24 15:23,Analista de mesa de ayuda - soporte incidentes,Cinte Colombia SAS,73.0%,Remoto,https://www.elempleo.com/co/ofertas-trabajo/analista-de-mesa-de-ayuda-soporte-incidentes-1886762523,,"[Afinidad: 73/100 - Alta Afinidad] Alta coincidencia técnica en Soporte Técnico de Sistemas, Hardware y Redes. Modalidad: 100% Remoto en Colombia confirmado.",Nueva,
d9a2083450e72e22,2026-09-24 15:23,Técnico de soporte ti - bogota,Confidencial,73.0%,Remoto,https://www.elempleo.com/co/ofertas-trabajo/tecnico-de-soporte-ti-bogota-1886768638,,"[Afinidad: 73/100 - Alta Afinidad] Alta coincidencia técnica en Soporte Técnico de Sistemas, Hardware y Redes. Modalidad: 100% Remoto en Colombia confirmado.",Nueva,
41db4cb1967404e7,2026-09-24 15:23,Técnico(a) de soporte ti,SDT INGENIERIA,73.0%,Remoto,https://www.elempleo.com/co/ofertas-trabajo/tecnicoa-de-soporte-ti-1886746427,,"[Afinidad: 73/100 - Alta Afinidad] Alta coincidencia técnica en Soporte Técnico de Sistemas, Hardware y Redes. Modalidad: 100% Remoto en Colombia confirmado.",Nueva,
cec4961ed9898403,2026-09-24 15:23,Analista de soporte ti,Confidencial,73.0%,Remoto,https://www.elempleo.com/co/ofertas-trabajo/analista-de-soporte-ti-1886760221,,"[Afinidad: 73/100 - Alta Afinidad] Alta coincidencia técnica en Soporte Técnico de Sistemas, Hardware y Redes. Modalidad: 100% Remoto en Colombia confirmado.",Nueva,
8a1d6b57bc4eb8f6,2026-09-24 15:23,Helpdesk Technician,Ultimate Jet Vacations,73.0%,Remoto,https://co.linkedin.com/jobs/view/helpdesk-technician-at-ultimate-jet-vacations-4460749773,,"[Afinidad: 73/100 - Alta Afinidad] Alta coincidencia técnica en Soporte Técnico de Sistemas, Hardware y Redes. Modalidad: 100% Remoto en Colombia confirmado.",Nueva,
606652c43fad3a74,2026-09-24 15:23,Helpdesk Technician,Ultimate Jet Vacations,73.0%,Remoto,https://co.linkedin.com/jobs/view/helpdesk-technician-at-ultimate-jet-vacations-4460749769,,"[Afinidad: 73/100 - Alta Afinidad] Alta coincidencia técnica en Soporte Técnico de Sistemas, Hardware y Redes. Modalidad: 100% Remoto en Colombia confirmado.",Nueva,
14b3ce1838b7650b,2026-09-24 15:23,Information Technology Help Desk,"Pyramid Consulting, Inc",73.0%,Remoto,https://co.linkedin.com/jobs/view/information-technology-help-desk-at-pyramid-consulting-inc-4469196776,,"[Afinidad: 73/100 - Alta Afinidad] Alta coincidencia técnica en Soporte Técnico de Sistemas, Hardware y Redes. Modalidad: 100% Remoto en Colombia confirmado.",Nueva,
db74b26e8ede7d27,2026-09-24 15:23,IT Help Desk Specialist,BraveUS BPO,73.0%,Remoto,https://co.linkedin.com/jobs/view/it-help-desk-specialist-at-braveus-bpo-4469254526,,"[Afinidad: 73/100 - Alta Afinidad] Alta coincidencia técnica en Soporte Técnico de Sistemas, Hardware y Redes. Modalidad: 100% Remoto en Colombia confirmado.",Nueva,
ee4217b2fa3d599f,2026-09-24 15:23,Help Desk Technician Level 1,Solvo Global,73.0%,Remoto,https://co.linkedin.com/jobs/view/help-desk-technician-level-1-at-solvo-global-4461170901,,"[Afinidad: 73/100 - Alta Afinidad] Alta coincidencia técnica en Soporte Técnico de Sistemas, Hardware y Redes. Modalidad: 100% Remoto en Colombia confirmado.",Nueva,
26463d13fe219ac2,2026-09-24 15:23,Consultor/a SAP HelpDesk,Inetum,73.0%,Remoto,https://co.linkedin.com/jobs/view/consultor-a-sap-helpdesk-at-inetum-4443947973,,"[Afinidad: 73/100 - Alta Afinidad] Alta coincidencia técnica en Soporte Técnico de Sistemas, Hardware y Redes. Modalidad: 100% Remoto en Colombia confirmado.",Nueva,
afee514d25ff4533,2026-09-24 15:37,Vacante de inclusión laboral - auxiliar de sistemas / mesa de ayuda,Confidencial,73.0%,Remoto,https://www.elempleo.com/co/ofertas-trabajo/vacante-de-inclusion-laboral-auxiliar-de-sistemas-mesa-de-ayuda-1886764066,,"[Afinidad: 73/100 - Alta Afinidad] Alta coincidencia técnica en Soporte Técnico de Sistemas, Hardware y Redes. Modalidad: 100% Remoto en Colombia confirmado.",Nueva,
bf46f38ff92f8468,2026-09-24 15:37,Operador de soporte técnico nivel 1,Cinte Colombia SAS,73.0%,Remoto,https://www.elempleo.com/co/ofertas-trabajo/operador-de-soporte-tecnico-nivel-1-1886759478,,"[Afinidad: 73/100 - Alta Afinidad] Alta coincidencia técnica en Soporte Técnico de Sistemas, Hardware y Redes. Modalidad: 100% Remoto en Colombia confirmado.",Nueva,
69c4d327f77f46d2,2026-09-24 15:37,Auxiliar de sistemas e infraestructura para trabajar en cota,ATIEMPO S.A.S,73.0%,Remoto,https://www.elempleo.com/co/ofertas-trabajo/auxiliar-de-sistemas-e-infraestructura-para-trabajar-en-cota-1886766898,,"[Afinidad: 73/100 - Alta Afinidad] Alta coincidencia técnica en Soporte Técnico de Sistemas, Hardware y Redes. Modalidad: 100% Remoto en Colombia confirmado.",Nueva,
8ea6294af7e133d9,2026-09-24 15:37,Técnico o tecnólogo en sistemas | auxiliar de sistemas e infraestructura - cota,ATIEMPO S.A.S,73.0%,Remoto,https://www.elempleo.com/co/ofertas-trabajo/tecnico-o-tecnologo-en-sistemas-auxiliar-de-sistemas-e-infraestructura-cota-1886766903,,"[Afinidad: 73/100 - Alta Afinidad] Alta coincidencia técnica en Soporte Técnico de Sistemas, Hardware y Redes. Modalidad: 100% Remoto en Colombia confirmado.",Nueva,
0c0fd09d671f3d44,2026-09-24 15:37,Agente mesa de ayuda con experiencia,SONDA,73.0%,Remoto,https://www.elempleo.com/co/ofertas-trabajo/agente-mesa-de-ayuda-con-experiencia-1886769727,,"[Afinidad: 73/100 - Alta Afinidad] Alta coincidencia técnica en Soporte Técnico de Sistemas, Hardware y Redes. Modalidad: 100% Remoto en Colombia confirmado.",Nueva,
7abab155924d34a2,2026-09-24 15:37,Agente mesa de ayuda,Confidencial,73.0%,Remoto,https://www.elempleo.com/co/ofertas-trabajo/agente-mesa-de-ayuda-1886771838,,"[Afinidad: 73/100 - Alta Afinidad] Alta coincidencia técnica en Soporte Técnico de Sistemas, Hardware y Redes. Modalidad: 100% Remoto en Colombia confirmado.",Nueva,
1c748c123f2775f8,2026-09-24 15:37,Agente de mesa de ayuda,SELCOMP INGENIERÍA SAS,73.0%,Remoto,https://www.elempleo.com/co/ofertas-trabajo/agente-de-mesa-de-ayuda-1886764458,,"[Afinidad: 73/100 - Alta Afinidad] Alta coincidencia técnica en Soporte Técnico de Sistemas, Hardware y Redes. Modalidad: 100% Remoto en Colombia confirmado.",Nueva,
c2932440f3be50ff,2026-09-24 15:37,Analista mesa de ayuda para tunja,Gestión de Seguridad Electrónica,73.0%,Remoto,https://www.elempleo.com/co/ofertas-trabajo/analista-mesa-de-ayuda-para-tunja-1886699884,,"[Afinidad: 73/100 - Alta Afinidad] Alta coincidencia técnica en Soporte Técnico de Sistemas, Hardware y Redes. Modalidad: 100% Remoto en Colombia confirmado.",Nueva,
0b7f91df03d9708e,2026-09-24 15:37,Analista mesa de ayuda,Confidencial,73.0%,Remoto,https://www.elempleo.com/co/ofertas-trabajo/analista-mesa-de-ayuda-1886754619,,"[Afinidad: 73/100 - Alta Afinidad] Alta coincidencia técnica en Soporte Técnico de Sistemas, Hardware y Redes. Modalidad: 100% Remoto en Colombia confirmado.",Nueva,
42a7050c3f06b2ae,2026-09-24 15:37,Técnico de mesa de ayuda,Colsof S.A.S,73.0%,Remoto,https://www.elempleo.com/co/ofertas-trabajo/tecnico-de-mesa-de-ayuda-1886731992,,"[Afinidad: 73/100 - Alta Afinidad] Alta coincidencia técnica en Soporte Técnico de Sistemas, Hardware y Redes. Modalidad: 100% Remoto en Colombia confirmado.",Nueva,
e5d77b0fc7770ea2,2026-09-24 15:37,Agente de mesa de ayuda,SONDA,73.0%,Remoto,https://www.elempleo.com/co/ofertas-trabajo/agente-de-mesa-de-ayuda-1886748231,,"[Afinidad: 73/100 - Alta Afinidad] Alta coincidencia técnica en Soporte Técnico de Sistemas, Hardware y Redes. Modalidad: 100% Remoto en Colombia confirmado.",Nueva,
8bb787ccf4370a8e,2026-09-24 15:37,Mesa de ayuda / bogotá,Colsof S.A.S,73.0%,Remoto,https://www.elempleo.com/co/ofertas-trabajo/mesa-de-ayuda-bogota-1886752825,,"[Afinidad: 73/100 - Alta Afinidad] Alta coincidencia técnica en Soporte Técnico de Sistemas, Hardware y Redes. Modalidad: 100% Remoto en Colombia confirmado.",Nueva,
2c0788a7a3b3417d,2026-09-24 15:37,Analista mesa de ayuda nivel 1 / técnico o tecnólogo en sistemas / cota,IMPRESISTEM S.A.,73.0%,Remoto,https://www.elempleo.com/co/ofertas-trabajo/analista-mesa-de-ayuda-nivel-1-tecnico-o-tecnologo-en-sistemas-cota-1886757061,,"[Afinidad: 73/100 - Alta Afinidad] Alta coincidencia técnica en Soporte Técnico de Sistemas, Hardware y Redes. Modalidad: 100% Remoto en Colombia confirmado.",Nueva,
97a1b3f2527f8ce8,2026-09-24 15:37,Analista de mesa de ayuda l1 - medellín,Confidencial,73.0%,Remoto,https://www.elempleo.com/co/ofertas-trabajo/analista-de-mesa-de-ayuda-l1-medellin-1886747056,,"[Afinidad: 73/100 - Alta Afinidad] Alta coincidencia técnica en Soporte Técnico de Sistemas, Hardware y Redes. Modalidad: 100% Remoto en Colombia confirmado.",Nueva,
a0df8e7687e7665c,2026-09-24 15:37,Agente mesa de ayuda,Confidencial,73.0%,Remoto,https://www.elempleo.com/co/ofertas-trabajo/agente-mesa-de-ayuda-tecnologo-o-minimo-6-semestre-de-ingenieria-1886743820,,"[Afinidad: 73/100 - Alta Afinidad] Alta coincidencia técnica en Soporte Técnico de Sistemas, Hardware y Redes. Modalidad: 100% Remoto en Colombia confirmado.",Nueva,
12aafa5353e0252c,2026-09-24 15:37,Técnico de soporte nivel 1 con itil,Confidencial,73.0%,Remoto,https://www.elempleo.com/co/ofertas-trabajo/tecnico-de-soporte-nivel-1-con-itil-1886769153,,"[Afinidad: 73/100 - Alta Afinidad] Alta coincidencia técnica en Soporte Técnico de Sistemas, Hardware y Redes. Modalidad: 100% Remoto en Colombia confirmado.",Nueva,
33bef2c4222966bf,2026-09-24 15:37,Gestor técnico nivel 1,Gestión de Seguridad Electrónica,73.0%,Remoto,https://www.elempleo.com/co/ofertas-trabajo/gestor-tecnico-nivel-1-soporte-ti-tunja-1886700537,,"[Afinidad: 73/100 - Alta Afinidad] Alta coincidencia técnica en Soporte Técnico de Sistemas, Hardware y Redes. Modalidad: 100% Remoto en Colombia confirmado.",Nueva,
759c05a3a2a45bb7,2026-09-24 15:37,Técnico de soporte de redes y datacenter - bogotá,TALYCAP GLOBAL SAS,73.0%,Remoto,https://www.elempleo.com/co/ofertas-trabajo/tecnico-de-soporte-de-redes-y-datacenter-bogota-1886765274,,"[Afinidad: 73/100 - Alta Afinidad] Alta coincidencia técnica en Soporte Técnico de Sistemas, Hardware y Redes. Modalidad: 100% Remoto en Colombia confirmado.",Nueva,
5d9bd5e6584b63b9,2026-09-24 15:37,Technical Support Help Desk,Sutherland,73.0%,Remoto,https://co.linkedin.com/jobs/view/technical-support-help-desk-at-sutherland-4466891252,,"[Afinidad: 73/100 - Alta Afinidad] Alta coincidencia técnica en Soporte Técnico de Sistemas, Hardware y Redes. Modalidad: 100% Remoto en Colombia confirmado.",Nueva,
7652a72b60c5253a,2026-09-24 15:37,Helpdesk & Customer Suceess Operation Agent,Regnology,73.0%,Remoto,https://co.linkedin.com/jobs/view/helpdesk-customer-suceess-operation-agent-at-regnology-4463373207,,"[Afinidad: 73/100 - Alta Afinidad] Alta coincidencia técnica en Soporte Técnico de Sistemas, Hardware y Redes. Modalidad: 100% Remoto en Colombia confirmado.",Nueva,
205fbfca7a1a7d27,2026-09-26 15:03,Urg instrumentador quirúrgico - soporte técnico - bogotá,MEDIREX BIC SAS,73.0%,Remoto,https://www.elempleo.com/co/ofertas-trabajo/urg-instrumentador-quirurgico-soporte-tecnico-bogota-1886772422,,"[Afinidad: 73/100 - Alta Afinidad] Alta coincidencia técnica en Soporte Técnico de Sistemas, Hardware y Redes. Modalidad: 100% Remoto en Colombia confirmado.",Nueva,
eea27bb5aa0bd8c4,2026-09-26 15:03,Soporte técnico nivel 1 ccna vigente medellín,MANPOWER,73.0%,Remoto,https://www.elempleo.com/co/ofertas-trabajo/soporte-tecnico-nivel-1-ccna-vigente-medellin-1886755519,,"[Afinidad: 73/100 - Alta Afinidad] Alta coincidencia técnica en Soporte Técnico de Sistemas, Hardware y Redes. Modalidad: 100% Remoto en Colombia confirmado.",Nueva,
da3496c7c6f99d83,2026-09-27 15:41,Aprendiz de Soporte Técnico TI – Medellín,Agencia de Empleo de Comfenalco Antioquia,73.0%,Remoto,https://co.computrabajo.com/ofertas-de-trabajo/oferta-de-trabajo-de-aprendiz-de-soporte-tecnico-ti-medellin-en-medellin-1A050E5D73BED18C61373E686DCF3405,"$ 2.000.000,00 (Mensual)","[Afinidad: 73/100 - Alta Afinidad] Alta coincidencia técnica en Soporte Técnico de Sistemas, Hardware y Redes. Modalidad: 100% Remoto en Colombia confirmado.",Nueva,
0088d835c7532e43,2026-09-27 15:41,Analista de Soporte Técnico y Mesa de Ayuda TI,E-GLOBAL S.A.,73.0%,Remoto,https://co.computrabajo.com/ofertas-de-trabajo/oferta-de-trabajo-de-analista-de-soporte-tecnico-y-mesa-de-ayuda-ti-en-medellin-3C800868C0F5959B61373E686DCF3405,"$ 2.000.000,00 (Mensual)","[Afinidad: 73/100 - Alta Afinidad] Alta coincidencia técnica en Soporte Técnico de Sistemas, Hardware y Redes. Modalidad: 100% Remoto en Colombia confirmado.",Nueva,
0084204adfde29e6,2026-09-27 15:41,Analista de Soporte Técnico Español y Portugués,Importante empresa del sector,73.0%,Remoto,https://co.computrabajo.com/ofertas-de-trabajo/oferta-de-trabajo-de-analista-de-soporte-tecnico-espanol-y-portugues-en-bogota-dc-0849D1C40E1F247D61373E686DCF3405,Presencial y remoto,"[Afinidad: 73/100 - Alta Afinidad] Alta coincidencia técnica en Soporte Técnico de Sistemas, Hardware y Redes. Modalidad: 100% Remoto en Colombia confirmado.",Nueva,
6b4799591cfb3cf7,2026-09-27 15:41,Soporte Tecnico,INNOVASER SOLUCIONES SAS,73.0%,Remoto,https://co.computrabajo.com/ofertas-de-trabajo/oferta-de-trabajo-de-soporte-tecnico-en-tocancipa-239FC7D9D20BBA5E61373E686DCF3405,"$ 1.750.905,00 (Mensual)","[Afinidad: 73/100 - Alta Afinidad] Alta coincidencia técnica en Soporte Técnico de Sistemas, Hardware y Redes. Modalidad: 100% Remoto en Colombia confirmado.",Nueva,
150b576d34126c5c,2026-09-30 16:49,Analista de Soporte Técnico e Implementación,Manpower Group Colombia,73.0%,Remoto,https://co.computrabajo.com/ofertas-de-trabajo/oferta-de-trabajo-de-analista-de-soporte-tecnico-e-implementacion-experiencia-deseable-en-plataformas-educativas-en-bogota-dc-429E2775FD281A5261373E686DCF3405,"$ 2.250.000,00 (Mensual)","[Afinidad: 73/100 - Alta Afinidad] Alta coincidencia técnica en Soporte Técnico de Sistemas, Hardware y Redes. Modalidad: 100% Remoto en Colombia confirmado.",Nueva,
343718cc539a53c2,2026-10-01 17:26,Analista de Soporte Tecnico Cubrimiento de Licencia,ZEMSANIA COLOMBIA SAS,73.0%,Remoto,https://co.computrabajo.com/ofertas-de-trabajo/oferta-de-trabajo-de-analista-de-soporte-tecnico-cubrimiento-de-licencia-remoto-en-bogota-dc-55EB665BAC5F3EB161373E686DCF3405,Remoto,"[Afinidad: 73/100 - Alta Afinidad] Alta coincidencia técnica en Soporte Técnico de Sistemas, Hardware y Redes. Modalidad: 100% Remoto en Colombia confirmado.",Nueva,
d36873ab6ad37d17,2026-10-01 17:26,Analista de Soporte Técnico y Mesa de Ayuda TI,E-GLOBAL S.A.,73.0%,Remoto,https://co.computrabajo.com/ofertas-de-trabajo/oferta-de-trabajo-de-analista-de-soporte-tecnico-y-mesa-de-ayuda-ti-en-medellin-2D6021D92F3B61C461373E686DCF3405,"$ 2.000.000,00 (Mensual)","[Afinidad: 73/100 - Alta Afinidad] Alta coincidencia técnica en Soporte Técnico de Sistemas, Hardware y Redes. Modalidad: 100% Remoto en Colombia confirmado.",Nueva,
21bd61491ee26e9f,2026-10-05 19:45,Agente de Service Desk Mesa de Ayuda – Soporte Técnico,Redes Humanas,73.0%,Remoto,https://co.computrabajo.com/ofertas-de-trabajo/oferta-de-trabajo-de-agente-de-service-desk-mesa-de-ayuda-soporte-tecnico-en-bogota-dc-B1FB577FEE65D70B61373E686DCF3405,"$ 1.750.905,00 (Mensual)","[Afinidad: 73/100 - Alta Afinidad] Alta coincidencia técnica en Soporte Técnico de Sistemas, Hardware y Redes. Modalidad: 100% Remoto en Colombia confirmado.",Nueva,
771146d163019cc0,2026-10-07 17:50,Soporte tecnico,AGENCIA DE EMPLEO COLSUBSIDIO,73.0%,Remoto,https://www.elempleo.com/co/ofertas-trabajo/soporte-tecnico-1886776352,,"[Afinidad: 73/100 - Alta Afinidad] Alta coincidencia técnica en Soporte Técnico de Sistemas, Hardware y Redes. Modalidad: 100% Remoto en Colombia confirmado.",Nueva,
ae736277661dc78b,2026-09-24 15:23,Analista de redes cisco,ATCG DE COLOMBIA S.A.S,68.0%,Remoto,https://www.elempleo.com/co/ofertas-trabajo/analista-de-redes-cisco-1886760389,,"[Afinidad: 68/100 - Afinidad Moderada] Alta coincidencia técnica en Soporte Técnico de Sistemas, Hardware y Redes. Modalidad: 100% Remoto en Colombia confirmado.",Nueva,
e29676fac3409ad6,2026-09-24 15:23,Analista de redes y telecomunicaciones - nivel 1,MANPOWER,68.0%,Remoto,https://www.elempleo.com/co/ofertas-trabajo/analista-de-redes-y-telecomunicaciones-nivel-1-1886760565,,"[Afinidad: 68/100 - Afinidad Moderada] Alta coincidencia técnica en Soporte Técnico de Sistemas, Hardware y Redes. Modalidad: 100% Remoto en Colombia confirmado.",Nueva,
baf000f38713dc11,2026-10-07 17:50,Helpdesk / Analista soporte TI / trilingüe,Confidential,66.0%,Remoto,https://co.linkedin.com/jobs/view/helpdesk-analista-soporte-ti-triling%C3%BCe-ingles-portugu%C3%A9s-at-confidential-4469673592,,"[Afinidad: 66/100 - Afinidad Moderada] Alta coincidencia técnica en Soporte Técnico de Sistemas, Hardware y Redes. Modalidad: 100% Remoto en Colombia confirmado.",Nueva,
73882c81e04abc7e,2026-10-05 19:45,Soporte L1 Junior,Hublance,60.0%,Remoto,https://co.linkedin.com/jobs/view/soporte-l1-junior-at-hublance-4475841269,,[Afinidad: 60/100 - Afinidad Moderada] Afinidad moderada en áreas técnicas del cargo (Técnico en Sistemas / Auxiliar de Soporte TI). Modalidad: 100% Remoto en Colombia confirmado.,Nueva,
8d7f304ffb8625b5,2026-09-25 15:54,Auxiliar de sistemas,Confidencial,58.0%,Remoto,https://www.elempleo.com/co/ofertas-trabajo/auxiliar-de-sistemas-1886751888,,[Afinidad: 58/100 - Afinidad Moderada] Afinidad moderada en áreas técnicas del cargo (Técnico en Sistemas / Auxiliar de Soporte TI). Modalidad: 100% Remoto en Colombia confirmado.,Nueva,
3b5b26f92a305c0c,2026-09-25 15:54,Auxiliar de sistemas,Confidencial,58.0%,Remoto,https://www.elempleo.com/co/ofertas-trabajo/auxiliar-de-sistemas-1886749497,,[Afinidad: 58/100 - Afinidad Moderada] Afinidad moderada en áreas técnicas del cargo (Técnico en Sistemas / Auxiliar de Soporte TI). Modalidad: 100% Remoto en Colombia confirmado.,Nueva,
e760bcd88d90fbbe,2026-09-25 15:54,Agente de mesa de ayuda,SELCOMP INGENIERÍA SAS,58.0%,Remoto,https://www.elempleo.com/co/ofertas-trabajo/agente-de-mesa-de-ayuda-1886758623,,[Afinidad: 58/100 - Afinidad Moderada] Afinidad moderada en áreas técnicas del cargo (Técnico en Sistemas / Auxiliar de Soporte TI). Modalidad: 100% Remoto en Colombia confirmado.,Nueva,
86dcab5c5d802693,2026-09-25 15:54,Analista mesa de ayuda para tunja,Gestión de Seguridad Electrónica,58.0%,Remoto,https://www.elempleo.com/co/ofertas-trabajo/analista-mesa-de-ayuda-para-tunja-1886766955,,[Afinidad: 58/100 - Afinidad Moderada] Afinidad moderada en áreas técnicas del cargo (Técnico en Sistemas / Auxiliar de Soporte TI). Modalidad: 100% Remoto en Colombia confirmado.,Nueva,
55fdaa0983ef9124,2026-09-25 15:54,Lider técnico con itil practice manager,Sinergy & Lowells,58.0%,Remoto,https://www.elempleo.com/co/ofertas-trabajo/lider-tecnico-con-itil-practice-manager-1886753953,,[Afinidad: 58/100 - Afinidad Moderada] Afinidad moderada en áreas técnicas del cargo (Técnico en Sistemas / Auxiliar de Soporte TI). Modalidad: 100% Remoto en Colombia confirmado.,Nueva,
a1ca7bc58cd48fad,2026-09-25 15:54,Tecnico de mesa de ayuda/mujeres contratacion inmediata,Confidencial,58.0%,Remoto,https://www.elempleo.com/co/ofertas-trabajo/tecnico-de-mesa-de-ayuda-mujeres-contratacion-inmediata-1886770931,,[Afinidad: 58/100 - Afinidad Moderada] Afinidad moderada en áreas técnicas del cargo (Técnico en Sistemas / Auxiliar de Soporte TI). Modalidad: 100% Remoto en Colombia confirmado.,Nueva,
e28aba5df8a2d3ae,2026-09-25 15:54,Tecnico de mesa de ayuda/mujeres contratacion inmediata,Confidencial,58.0%,Remoto,https://www.elempleo.com/co/ofertas-trabajo/tecnico-de-mesa-de-ayuda-mujeres-contratacion-inmediata-1886769701,,[Afinidad: 58/100 - Afinidad Moderada] Afinidad moderada en áreas técnicas del cargo (Técnico en Sistemas / Auxiliar de Soporte TI). Modalidad: 100% Remoto en Colombia confirmado.,Nueva,
9326784c1a2726fb,2026-09-25 15:54,Técnico de soporte y mesa de ayuda / medellín,Colsof S.A.S,58.0%,Remoto,https://www.elempleo.com/co/ofertas-trabajo/tecnico-de-soporte-y-mesa-de-ayuda-medellin-1886738118,,[Afinidad: 58/100 - Afinidad Moderada] Afinidad moderada en áreas técnicas del cargo (Técnico en Sistemas / Auxiliar de Soporte TI). Modalidad: 100% Remoto en Colombia confirmado.,Nueva,
b67dc9a9be4a1a6f,2026-09-25 15:54,Service desk agent,Confidencial,58.0%,Remoto,https://www.elempleo.com/co/ofertas-trabajo/service-desk-agent-soporte-tecnico-nivel-1-1886755112,,"[Afinidad: 58/100 - Afinidad Moderada] Alta coincidencia técnica en Soporte Técnico de Sistemas, Hardware y Redes. Modalidad: 100% Remoto en Colombia confirmado.",Nueva,
9c65f710f43158b7,2026-09-25 15:54,Tecnico de instalaciones cableado de redes - licencia conte,Confidencial,58.0%,Remoto,https://www.elempleo.com/co/ofertas-trabajo/tecnico-de-instalaciones-cableado-de-redes-licencia-conte-1886749397,,[Afinidad: 58/100 - Afinidad Moderada] Afinidad moderada en áreas técnicas del cargo (Técnico en Sistemas / Auxiliar de Soporte TI). Modalidad: 100% Remoto en Colombia confirmado.,Nueva,
a95003a0b1fc3d77,2026-09-27 15:41,Técnico Soporte Nivel 1 Con ITIL,Importante empresa del sector de tecnología,58.0%,Remoto,https://co.computrabajo.com/ofertas-de-trabajo/oferta-de-trabajo-de-tecnico-soporte-nivel-1-con-itil-en-bogota-dc-59E13FA64EF5843C61373E686DCF3405,"$ 1.750.905,00 (Mensual)",[Afinidad: 58/100 - Afinidad Moderada] Afinidad moderada en áreas técnicas del cargo (Técnico en Sistemas / Auxiliar de Soporte TI). Modalidad: 100% Remoto en Colombia confirmado.,Nueva,
96391fd564d83616,2026-09-27 15:41,Tecnico de soporte IT con Moto,Los Hornitos,58.0%,Remoto,https://co.computrabajo.com/ofertas-de-trabajo/oferta-de-trabajo-de-tecnico-de-soporte-it-con-moto-empresa-de-alimentos-en-bogota-dc-599938D46A6F4A8F61373E686DCF3405,"$ 2.125.947,00 (Mensual)",[Afinidad: 58/100 - Afinidad Moderada] Afinidad moderada en áreas técnicas del cargo (Técnico en Sistemas / Auxiliar de Soporte TI). Modalidad: 100% Remoto en Colombia confirmado.,Nueva,
b4f0b8c16fe5543e,2026-09-27 15:41,Auxiliar de Sistemas,ELIS COLOMBIA SAS,58.0%,Remoto,https://co.computrabajo.com/ofertas-de-trabajo/oferta-de-trabajo-de-auxiliar-de-sistemas-en-bogota-dc-48C2A0A3B050945661373E686DCF3405,"$ 2.000.000,00 (Mensual)",[Afinidad: 58/100 - Afinidad Moderada] Afinidad moderada en áreas técnicas del cargo (Técnico en Sistemas / Auxiliar de Soporte TI). Modalidad: 100% Remoto en Colombia confirmado.,Nueva,
7e4b4e4f136a5e31,2026-09-27 15:41,Agente Mesa de Ayuda,Importante empresa del sector,58.0%,Remoto,https://co.computrabajo.com/ofertas-de-trabajo/oferta-de-trabajo-de-agente-mesa-de-ayuda-en-bogota-dc-E39FE355E02E578761373E686DCF3405,"$ 2.000.000,00 (Mensual)",[Afinidad: 58/100 - Afinidad Moderada] Afinidad moderada en áreas técnicas del cargo (Técnico en Sistemas / Auxiliar de Soporte TI). Modalidad: 100% Remoto en Colombia confirmado.,Nueva,
0ef2cd7667600919,2026-09-27 15:41,Técnico de Soporte TI Regional,POLICOMP COLOMBIA SAS,58.0%,Remoto,https://co.computrabajo.com/ofertas-de-trabajo/oferta-de-trabajo-de-tecnico-de-soporte-ti-regional-en-bogota-dc-ACF045C94E41CCDE61373E686DCF3405,,[Afinidad: 58/100 - Afinidad Moderada] Afinidad moderada en áreas técnicas del cargo (Técnico en Sistemas / Auxiliar de Soporte TI). Modalidad: 100% Remoto en Colombia confirmado.,Nueva,
7784997bda962255,2026-09-27 15:41,Técnico de Soporte TI On Demand/ por horas,POLICOMP COLOMBIA SAS,58.0%,Remoto,https://co.computrabajo.com/ofertas-de-trabajo/oferta-de-trabajo-de-tecnico-de-soporte-ti-on-demand-por-horas-en-bogota-dc-C2338FA0172D59A561373E686DCF3405,,[Afinidad: 58/100 - Afinidad Moderada] Afinidad moderada en áreas técnicas del cargo (Técnico en Sistemas / Auxiliar de Soporte TI). Modalidad: 100% Remoto en Colombia confirmado.,Nueva,
29d0fe2e42e678f7,2026-09-27 15:41,Técnico mantenimiento correctivo impresoras,Multinacional de Impresión,58.0%,Remoto,https://co.computrabajo.com/ofertas-de-trabajo/oferta-de-trabajo-de-tecnico-mantenimiento-correctivo-impresoras-en-guarne-BC0E775C0F25B27D61373E686DCF3405,"$ 1.800.000,00 (Mensual)",[Afinidad: 58/100 - Afinidad Moderada] Afinidad moderada en áreas técnicas del cargo (Técnico en Sistemas / Auxiliar de Soporte TI). Modalidad: 100% Remoto en Colombia confirmado.,Nueva,
98c9ab11f5b1eace,2026-09-28 18:36,Auxiliar de sistemas,Importante empresa del sector,58.0%,Remoto,https://co.computrabajo.com/ofertas-de-trabajo/oferta-de-trabajo-de-auxiliar-de-sistemas-persona-con-discapacidad-remota-en-bogota-dc-5F2A812D014E159B61373E686DCF3405,"$ 1.750.905,00 (Mensual)",[Afinidad: 58/100 - Afinidad Moderada] Afinidad moderada en áreas técnicas del cargo (Técnico en Sistemas / Auxiliar de Soporte TI). Modalidad: 100% Remoto en Colombia confirmado.,Nueva,
58133ddc4da9c68e,2026-09-28 18:36,Auxiliar de sistemas,Importante empresa del sector,58.0%,Remoto,https://co.computrabajo.com/ofertas-de-trabajo/oferta-de-trabajo-de-auxiliar-de-sistemas-persona-con-discapacidad-remota-en-bogota-dc-A00C07C9CC9A494B61373E686DCF3405,"$ 1.750.905,00 (Mensual)",[Afinidad: 58/100 - Afinidad Moderada] Afinidad moderada en áreas técnicas del cargo (Técnico en Sistemas / Auxiliar de Soporte TI). Modalidad: 100% Remoto en Colombia confirmado.,Nueva,
aed3420a4cfdc248,2026-09-28 18:36,Consultor de servicios/ mesa de ayuda nómina y erp software,Confidencial,58.0%,Remoto,https://www.elempleo.com/co/ofertas-trabajo/consultor-de-servicios-mesa-de-ayuda-nomina-y-erp-software-inclusivo-1886716126,,[Afinidad: 58/100 - Afinidad Moderada] Afinidad moderada en áreas técnicas del cargo (Técnico en Sistemas / Auxiliar de Soporte TI). Modalidad: 100% Remoto en Colombia confirmado.,Nueva,
2b8357189ff315da,2026-09-29 17:00,Auxiliar de sistemas,DAVITA SAS,58.0%,Remoto,https://www.elempleo.com/co/ofertas-trabajo/auxiliar-de-sistemas-1886758163,,[Afinidad: 58/100 - Afinidad Moderada] Afinidad moderada en áreas técnicas del cargo (Técnico en Sistemas / Auxiliar de Soporte TI). Modalidad: 100% Remoto en Colombia confirmado.,Nueva,
a87934e7643b2c1c,2026-09-29 17:00,Tecnico de instalaciones cableado de redes - licencia conte cali,Confidencial,58.0%,Remoto,https://www.elempleo.com/co/ofertas-trabajo/tecnico-de-instalaciones-cableado-de-redes-licencia-conte-cali-1886759847,,[Afinidad: 58/100 - Afinidad Moderada] Afinidad moderada en áreas técnicas del cargo (Técnico en Sistemas / Auxiliar de Soporte TI). Modalidad: 100% Remoto en Colombia confirmado.,Nueva,
10b4265e3ad11d81,2026-09-29 17:00,Information Technology Help Desk Support,Booth,58.0%,Remoto,https://co.linkedin.com/jobs/view/information-technology-help-desk-support-at-booth-4471203962,,[Afinidad: 58/100 - Afinidad Moderada] Afinidad moderada en áreas técnicas del cargo (Técnico en Sistemas / Auxiliar de Soporte TI). Modalidad: 100% Remoto en Colombia confirmado.,Nueva,
ff69ae85c8697a37,2026-09-30 16:49,Técnico de soporte ti - bogota,Confidencial,58.0%,Remoto,https://www.elempleo.com/co/ofertas-trabajo/tecnico-de-soporte-ti-bogota-1886774059,,[Afinidad: 58/100 - Afinidad Moderada] Afinidad moderada en áreas técnicas del cargo (Técnico en Sistemas / Auxiliar de Soporte TI). Modalidad: 100% Remoto en Colombia confirmado.,Nueva,
bbacf7d69ab9084e,2026-09-30 16:49,IT Helpdesk Analyst,Power Digital Marketing,58.0%,Remoto,https://co.linkedin.com/jobs/view/it-helpdesk-analyst-at-power-digital-marketing-4472601999,,[Afinidad: 58/100 - Afinidad Moderada] Afinidad moderada en áreas técnicas del cargo (Técnico en Sistemas / Auxiliar de Soporte TI). Modalidad: 100% Remoto en Colombia confirmado.,Nueva,
bb848f474ff4b611,2026-10-01 17:26,Técnico de soporte ti - bogota,Confidencial,58.0%,Remoto,https://www.elempleo.com/co/ofertas-trabajo/tecnico-de-soporte-ti-bogota-1886772292,,[Afinidad: 58/100 - Afinidad Moderada] Afinidad moderada en áreas técnicas del cargo (Técnico en Sistemas / Auxiliar de Soporte TI). Modalidad: 100% Remoto en Colombia confirmado.,Nueva,
b44a1c6cfb004ca8,2026-10-01 17:26,Soporte ti nivel 2 - bogotá,Confidencial,58.0%,Remoto,https://www.elempleo.com/co/ofertas-trabajo/soporte-ti-nivel-2-bogota-1886774821,,[Afinidad: 58/100 - Afinidad Moderada] Afinidad moderada en áreas técnicas del cargo (Técnico en Sistemas / Auxiliar de Soporte TI). Modalidad: 100% Remoto en Colombia confirmado.,Nueva,
fb0ad2b513afb97c,2026-10-01 17:26,IT Help Desk Support Specialist,Talento,58.0%,Remoto,https://co.linkedin.com/jobs/view/it-help-desk-support-specialist-tier-1-at-talento-4473960480,,[Afinidad: 58/100 - Afinidad Moderada] Afinidad moderada en áreas técnicas del cargo (Técnico en Sistemas / Auxiliar de Soporte TI). Modalidad: 100% Remoto en Colombia confirmado.,Nueva,
0b2067d6ae488f4c,2026-10-02 16:39,Help Desk Technician level 1,Solvo Global,58.0%,Remoto,https://co.linkedin.com/jobs/view/help-desk-technician-level-1-at-solvo-global-4472590892,,[Afinidad: 58/100 - Afinidad Moderada] Afinidad moderada en áreas técnicas del cargo (Técnico en Sistemas / Auxiliar de Soporte TI). Modalidad: 100% Remoto en Colombia confirmado.,Nueva,
07acc222a3ca2ef1,2026-10-03 15:12,Analista mesa de ayuda funza temporal 6 meses,Axity,58.0%,Remoto,https://www.elempleo.com/co/ofertas-trabajo/analista-mesa-de-ayuda-funza-temporal-6-meses-1886774524,,[Afinidad: 58/100 - Afinidad Moderada] Afinidad moderada en áreas técnicas del cargo (Técnico en Sistemas / Auxiliar de Soporte TI). Modalidad: 100% Remoto en Colombia confirmado.,Nueva,
5ec0ea33876ba2b5,2026-10-05 19:45,Help desk analyst l1,Confidencial,58.0%,Remoto,https://www.elempleo.com/co/ofertas-trabajo/help-desk-analyst-l1-medellin-1886776156,,[Afinidad: 58/100 - Afinidad Moderada] Afinidad moderada en áreas técnicas del cargo (Técnico en Sistemas / Auxiliar de Soporte TI). Modalidad: 100% Remoto en Colombia confirmado.,Nueva,
e8bdf2094d1c9817,2026-10-05 19:45,Administrador de herramienta de gestión de mesa de ayuda-,SELCOMP INGENIERÍA SAS,58.0%,Remoto,https://www.elempleo.com/co/ofertas-trabajo/administrador-de-herramienta-de-gestion-de-mesa-de-ayuda-1886776286,,[Afinidad: 58/100 - Afinidad Moderada] Afinidad moderada en áreas técnicas del cargo (Técnico en Sistemas / Auxiliar de Soporte TI). Modalidad: 100% Remoto en Colombia confirmado.,Nueva,
6e9a077b42879470,2026-10-05 19:45,Analista de soporte de aplicaciones nivel 3,TALYCAP GLOBAL SAS,58.0%,Remoto,https://www.elempleo.com/co/ofertas-trabajo/analista-de-soporte-de-aplicaciones-nivel-3-1886776104,,[Afinidad: 58/100 - Afinidad Moderada] Afinidad moderada en áreas técnicas del cargo (Técnico en Sistemas / Auxiliar de Soporte TI). Modalidad: 100% Remoto en Colombia confirmado.,Nueva,
447afec244b20f9b,2026-10-06 17:12,Técnico de soporte ti - bogota,Confidencial,58.0%,Remoto,https://www.elempleo.com/co/ofertas-trabajo/tecnico-de-soporte-ti-bogota-1886775990,,[Afinidad: 58/100 - Afinidad Moderada] Afinidad moderada en áreas técnicas del cargo (Técnico en Sistemas / Auxiliar de Soporte TI). Modalidad: 100% Remoto en Colombia confirmado.,Nueva,
8f14c41f3b443ac0,2026-10-07 17:50,Soporte mesa de ayuda,MANPOWER,58.0%,Remoto,https://www.elempleo.com/co/ofertas-trabajo/soporte-mesa-de-ayuda-vacaciones-1886776917,,[Afinidad: 58/100 - Afinidad Moderada] Afinidad moderada en áreas técnicas del cargo (Técnico en Sistemas / Auxiliar de Soporte TI). Modalidad: 100% Remoto en Colombia confirmado.,Nueva,
b1a9e03967fff91e,2026-10-07 17:50,Tecnólogo de soporte pl - mesa de ayuda,Positivo S+,58.0%,Remoto,https://www.elempleo.com/co/ofertas-trabajo/tecnologo-de-soporte-pl-mesa-de-ayuda-1886775546,,[Afinidad: 58/100 - Afinidad Moderada] Afinidad moderada en áreas técnicas del cargo (Técnico en Sistemas / Auxiliar de Soporte TI). Modalidad: 100% Remoto en Colombia confirmado.,Nueva,
eb49981c97933d93,2026-10-07 17:50,Tecnico de instalaciones cableado de redes - licencia conte,Confidencial,58.0%,Remoto,https://www.elempleo.com/co/ofertas-trabajo/tecnico-de-instalaciones-cableado-de-redes-licencia-conte-1886777333,,[Afinidad: 58/100 - Afinidad Moderada] Afinidad moderada en áreas técnicas del cargo (Técnico en Sistemas / Auxiliar de Soporte TI). Modalidad: 100% Remoto en Colombia confirmado.,Nueva,
d39af22b6e937d28,2026-10-07 17:50,Analista Mesa de Ayuda Funza,axity,58.0%,Remoto,https://co.linkedin.com/jobs/view/analista-mesa-de-ayuda-funza-at-axity-4471985006,,[Afinidad: 58/100 - Afinidad Moderada] Afinidad moderada en áreas técnicas del cargo (Técnico en Sistemas / Auxiliar de Soporte TI). Modalidad: 100% Remoto en Colombia confirmado.,Nueva,
0904912d51c5cd61,2026-10-08 17:52,Analista mesa de ayuda,Desarrollo de Sistemas y Servicios SAS,58.0%,Remoto,https://www.elempleo.com/co/ofertas-trabajo/analista-mesa-de-ayuda-1886778032,,[Afinidad: 58/100 - Afinidad Moderada] Afinidad moderada en áreas técnicas del cargo (Técnico en Sistemas / Auxiliar de Soporte TI). Modalidad: 100% Remoto en Colombia confirmado.,Nueva,
c665ada630270dce,2026-10-09 17:28,Técnico(a) / tecnólogo(a) / profesional de telecomunicaciones - redes de fibra óptica,JAHV MC GREGOR S.A.S,58.0%,Remoto,https://www.elempleo.com/co/ofertas-trabajo/tecnicoa-tecnologoa-profesional-de-telecomunicaciones-redes-de-fibra-optica-1886768691,,[Afinidad: 58/100 - Afinidad Moderada] Afinidad moderada en áreas técnicas del cargo (Técnico en Sistemas / Auxiliar de Soporte TI). Modalidad: 100% Remoto en Colombia confirmado.,Nueva,
4e5b3128aa7f8f9b,2026-10-09 17:28,Gestor de servicios mesa de ayuda sap,Confidencial,58.0%,Remoto,https://www.elempleo.com/co/ofertas-trabajo/gestor-de-servicios-mesa-de-ayuda-sap-1886775732,,[Afinidad: 58/100 - Afinidad Moderada] Afinidad moderada en áreas técnicas del cargo (Técnico en Sistemas / Auxiliar de Soporte TI). Modalidad: 100% Remoto en Colombia confirmado.,Nueva,
1c92f7ef9b7af696,2026-10-09 17:28,Agente de mesa de ayuda nivel 1,Confidencial,58.0%,Remoto,https://www.elempleo.com/co/ofertas-trabajo/agente-de-mesa-de-ayuda-nivel-1-1886778506,,[Afinidad: 58/100 - Afinidad Moderada] Afinidad moderada en áreas técnicas del cargo (Técnico en Sistemas / Auxiliar de Soporte TI). Modalidad: 100% Remoto en Colombia confirmado.,Nueva,
718ceee355d457ea,2026-10-10 16:16,IT Help Desk Support,Booth,58.0%,Remoto,https://co.linkedin.com/jobs/view/it-help-desk-support-at-booth-4471203962,,[Afinidad: 58/100 - Afinidad Moderada] Afinidad moderada en áreas técnicas del cargo (Técnico en Sistemas / Auxiliar de Soporte TI). Modalidad: 100% Remoto en Colombia confirmado.,Nueva,
50c79dfbfd49f52d,2026-10-02 16:39,Analista de redes noc 1 telecomunicaciones.,MANPOWER,53.0%,Remoto,https://www.elempleo.com/co/ofertas-trabajo/analista-de-redes-noc-1-telecomunicaciones-1886772075,,[Afinidad: 53/100 - Afinidad Moderada] Afinidad moderada en áreas técnicas del cargo (Técnico en Sistemas / Auxiliar de Soporte TI). Modalidad: 100% Remoto en Colombia confirmado.,Nueva,
0b0ae49f910109bb,2026-09-25 15:54,Ejecutivo Técnico Arancel Junior,Importante Empresa de Logística y Comercio,50.0%,Remoto,https://co.computrabajo.com/ofertas-de-trabajo/oferta-de-trabajo-de-ejecutivo-tecnico-arancel-junior-bogota-en-bogota-dc-547866639B487E0161373E686DCF3405,Remoto,[Afinidad: 50/100 - Afinidad Moderada] Afinidad en rol base (Técnico en Sistemas / Auxiliar de Soporte TI). Modalidad: 100% Remoto en Colombia confirmado.,Nueva,
582a04b3c639bfa0,2026-09-30 16:49,Junior IT Support Specialist,"Touch Support, Inc. & SNF Back Office",50.0%,Remoto,https://co.linkedin.com/jobs/view/junior-it-support-specialist-at-touch-support-inc-snf-back-office-4472187578,,[Afinidad: 50/100 - Afinidad Moderada] Afinidad en rol base (Técnico en Sistemas / Auxiliar de Soporte TI). Modalidad: 100% Remoto en Colombia confirmado.,Nueva,
6e04c4d57d3fc3c7,2026-10-01 17:26,Ejecutivo Técnico Arancel Junior,Importante Empresa de Logística y Comercio,50.0%,Remoto,https://co.computrabajo.com/ofertas-de-trabajo/oferta-de-trabajo-de-ejecutivo-tecnico-arancel-junior-bogota-en-bogota-dc-8444AB594560844161373E686DCF3405,Remoto,[Afinidad: 50/100 - Afinidad Moderada] Afinidad en rol base (Técnico en Sistemas / Auxiliar de Soporte TI). Modalidad: 100% Remoto en Colombia confirmado.,Nueva,
